,project_group_id,project_name,num_workflows,num_workflows_prev,num_agents,num_agents_prev,num_submissions,num_submissions_prev,num_submissions_per_min,num_submissions_per_min_prev,avg_first_good_submission_rate,avg_first_good_submission_rate_prev,avg_rejection_rate,avg_rejection_rate_prev,avg_quality_score,avg_quality_score_prev,avg_rework_time,avg_rework_time_prev,num_workflows_movt,num_agents_movt,num_submissions_movt,num_submissions_per_min_movt,avg_first_good_submission_rate_movt,avg_rejection_rate_movt,avg_quality_score_movt,avg_rework_time_movt,is_missing
0,1477,UT_ZO,8,,8,,2089.0,,30385.454545454544,,99.88875,,0.0011061946902654867,,99.96875,,0.028750000000000005,,,,,,,,,,True
1,1032,Res EM,43,27,43,27,2599.0,768.0,405.4749292504173,50.31666302686176,97.1279069767442,99.77111111111113,0.02965624663751947,0.0021943316516959926,99.5954761904762,99.95185185185187,2.5365116279069766,0.018518518518518517,0.5925925925925926,0.5925925925925926,2.3841145833333335,7.058462244087069,-0.026492680144889775,12.514933631203032,-0.003565473323134457,135.97162790697675,False
2,1702,potato,1,,0,,76.0,,950.0,,100.0,,0.0,,,,0.0,,,,,,,,,,True
3,1477,MT_ZO_P,15,,15,,5896.0,,18777.070063694264,,99.52066666666666,,0.00473463127019387,,99.84866666666666,,0.07733333333333335,,,,,,,,,,True
4,1477,PC_MT_P,18,,18,,2308.0,,9335.730337078652,,100.0,,0.0,,100.0,,0.0,,,,,,,,,,True
5,1032,Flagging,6,10,6,10,223.0,20461.0,1045.3125,222402.1739130435,83.33333333333334,98.319,0.08333333333333333,0.016260221868497703,100.0,99.968,0.16999999999999998,0.032,-0.4,-0.4,-0.9891012169493182,-0.9952998998093935,-0.15241882715107619,4.124981319890968,0.00032010243277845387,4.312499999999999,False
6,1032,MS Potato,6,6,6,6,2890.0,2258.0,5055.39358600583,3848.863636363637,99.15833333333333,99.20666666666666,0.00838058919979544,0.007848825503009148,99.845,99.83166666666666,0.22166666666666668,0.3316666666666667,0.0,0.0,0.27989371124889284,0.31347692816212863,-0.0004871984409649756,0.06775073500900475,0.00013355815622967412,-0.3316582914572865,False
7,1032,Res General,10,,10,,12213.0,,45913.53383458647,,99.90200000000002,,0.0009777959818237033,,99.949,,0.06799999999999999,,,,,,,,,,True
8,1032,Res refinement,16,10,16,10,5904.0,4193.0,7044.295302013423,5267.587939698492,99.76375,99.63000000000001,0.002343648419857235,0.0036794930528649544,99.925625,99.89999999999999,0.12937500000000002,0.5770000000000001,0.6,0.6,0.4080610541378488,0.33729049854583476,0.0013424671283749075,-0.36305127195921566,0.00025650650650655777,-0.7757798960138648,False
9,87,WRT1 - API PTs,17,40,17,40,7596.0,11912.0,5832.520325203251,8543.66146673839,90.95000000000002,92.51775000000002,0.03154978519535067,0.048880970799892356,,,0.022941176470588236,0.0315,-0.575,-0.575,-0.3623237071860309,-0.3173277817818475,-0.016945396964366335,-0.3545589484196548,,-0.27170868347338933,False
10,1345,Coco - Rework A,211,139,211,139,3317.0,1770.0,60.659930593835306,29.239995436264564,98.26985781990524,93.90460431654675,0.01371765598323182,0.060173158646338494,,,25.796872037914703,23.412877697841722,0.5179856115107914,0.5179856115107914,0.8740112994350282,1.0745533536781107,0.046486043310969956,-0.7720303156452877,,0.10182406327150231,False
11,1272,DDT1 Production,5,2,5,2,1009.0,404.0,377.9026217228464,152.16572504708097,99.098,98.755,0.008930838661397203,0.012450980392156863,97.11,98.275,0.452,0.0,1.5,1.5,1.4975247524752475,1.4834937145399931,0.003473241861171622,-0.282720044517705,-0.011854489951666306,inf,False
12,1480,TOF5 - Delivery,52,31,52,31,13901.0,9780.0,6085.125010522771,3937.402597402598,86.42057692307692,70.48548387096774,0.05848666073096864,0.24732586872770784,,,0.07711538461538463,0.17806451612903226,0.6774193548387096,0.6774193548387096,0.4213701431492842,0.5454668045723771,0.22607623835398943,-0.7635238843723249,,-0.566924470457079,False
13,1208,WJD1 Production,18,11,18,11,509.0,309.0,23.914802537130328,14.306759828268373,100.0,100.0,0.0,0.0,,,0.0,0.0,0.6363636363636364,0.6363636363636364,0.6472491909385113,0.6715736354137756,0.0,,,,False
14,1032,Res ES SC Potato,10,,10,,1299.0,,622.7229146692233,,97.655,,0.022420991696766465,,99.69,,0.36200000000000004,,,,,,,,,,True
15,1476,DUT2 Training 2022,78,37,70,34,1670.0,660.0,85.55159300928025,23.00518134715026,88.06051282051283,78.43972972972973,0.11386212629901178,0.297294437193818,85.70242424242424,1.316,4.419358974358974,14.991081081081083,1.1081081081081081,1.0588235294117647,1.5303030303030303,2.7187967231511463,0.12265191534866653,-0.6170055269995498,64.12342267661415,-0.7052007823547659,False
16,1344,JSU2 Training 2022,243,43,243,43,9818.0,1283.0,950.0760610718645,136.63810184267888,99.97213991769551,100.0,0.0002774118664202296,0.0,,,0.02267489711934156,0.0,4.651162790697675,4.651162790697675,6.652377240841777,5.953229357399551,-0.00027860082304485443,inf,,inf,False
17,706,JWF7-R6 Production,19,16,19,16,2554.0,2596.0,807.9587079587079,819.7355437142292,99.35842105263158,99.605625,0.00639739273001626,0.003915361580421402,97.66866666666668,98.58375,1.6705263157894739,0.574375,0.1875,0.1875,-0.016178736517719568,-0.014366628171520152,-0.0024818271796238326,0.6339213118926611,-0.009282293819552553,1.9084244888608906,False
18,1208,WJD1 Production_QA,4,2,4,2,144.0,87.0,52.459016393442624,21.91435768261965,100.0,100.0,0.0,0.0,,,0.0,0.0,1.0,1.0,0.6551724137931034,1.3938194837007725,0.0,,,,False
19,1032,EM points and lines,25,,25,,2001.0,,838.9233607244677,,81.27960000000002,,0.16982986527075164,,97.6968,,0.6936,,,,,,,,,,True
20,959,WPO1- Product-Ads 6,27,19,27,19,4185.0,3696.0,2045.158371040724,1332.5237191650851,88.63074074074073,99.5236842105263,0.0025656944556465954,0.004721393003748602,99.79875000000001,99.61111111111111,0.8999999999999999,2.3431578947368426,0.42105263157894735,0.42105263157894735,0.13230519480519481,0.5348007255901995,-0.10945076597790833,-0.45658104427876817,0.001883714445064232,-0.6159029649595689,False
21,129,Seeding w Escalations 2,11,9,6,6,790.0,661.0,164.08610271903325,126.4937274080374,100.0,100.0,0.0,0.0,,,0.0,0.0,0.2222222222222222,0.0,0.1951588502269289,0.29718766362012694,0.0,,,,False
22,1480,TOF5 - Training - clone,4,4,4,4,124.0,215.0,31.058234189104574,45.31085353003161,100.0,100.0,0.0,0.0,,,0.0,0.0,0.0,0.0,-0.4232558139534884,-0.31455199429162223,0.0,,,,False
23,450,DBE1 Freespace RnF Pilot,190,190,184,184,1590.0,2024.0,23.63185928209525,32.61014275841307,89.55268421052632,94.4024210526316,0.024389804049820767,0.01886115624359314,96.0,98.02576923076923,2.146578947368422,0.4302631578947369,0.0,0.0,-0.21442687747035574,-0.27532180839660747,-0.051373013403982815,0.2931234827189149,-0.020665680531414397,3.9889908256880746,False
24,1331,WRT19_Pilot - Production,37,35,36,35,992.0,1290.0,74.9596650668845,107.25994203449424,100.0,100.0,0.0,0.0,,,0.0,0.0,0.05714285714285714,0.02857142857142857,-0.2310077519379845,-0.30114016803423355,0.0,,,,False
25,189,GAR 1 Logos w Escalations,198,53,143,33,21002.0,4742.0,8029.34157173199,2100.860988046477,100.0,100.0,0.0,0.0,,,0.0,0.0,2.7358490566037736,3.3333333333333335,3.4289329396878956,2.8219290173969185,0.0,,,,False
26,107,HOR1 - Titles Only - FMTC,12,,12,,3340.0,,2875.1793400286947,,96.0075,,0.03900865050943965,,97.5125,,1.0724999999999998,,,,,,,,,,True
27,1349,PVQ1 Training_ Pedestrian,49,45,40,39,9146.0,7165.0,5607.532532532532,3155.4609512624775,99.95469387755102,99.80600000000003,0.0004537116279311951,0.001933048092677086,95.99499999999998,87.69720930232556,0.2091836734693878,0.814,0.08888888888888889,0.02564102564102564,0.27648290300069783,0.777088235013334,0.0014898290438550479,-0.7652869426011807,0.09461864024736273,-0.7430176001604573,False
28,1349,PVQ1 Production_Pedestrian,44,,38,,6854.0,,4166.565349544075,,99.35000000000002,,0.006498439343276811,,,,1.0620454545454547,,,,,,,,,,True
29,1032,QSB3 API Production Queue1,6,21,6,21,788.0,8780.0,1682.5622775800712,19367.64705882353,99.59166666666667,99.51047619047618,0.004036760244003705,0.004812467956228765,99.90666666666667,99.86714285714287,0.09333333333333334,0.3314285714285714,-0.7142857142857143,-0.7142857142857143,-0.910250569476082,-0.9131251063967768,0.000815898780697987,-0.16118709138022708,0.0003957638958424761,-0.7183908045977011,False
30,450,DBE1 Freespace RnF Pilot V2,142,30,138,30,1305.0,323.0,21.272663404957758,5.868708096879106,98.63943661971834,98.96166666666664,0.012896327477034225,0.010051467051467049,95.74589928057556,92.61333333333337,0.849788732394366,0.292,3.7333333333333334,3.6,3.040247678018576,2.6247608594249643,-0.003256109742307351,0.2830293738218003,0.03382413562383584,1.9102353849122125,False
31,87,WRT1 - no step B experiment,347,201,347,201,131772.0,57007.0,87148.1360067089,44304.24544716389,97.23616714697407,97.66621890547262,0.026528018140968522,0.018002952609673308,97.68122754491017,98.84983783783787,0.9911527377521608,0.9012935323383081,0.7263681592039801,0.7263681592039801,1.3115056045748767,0.9670380372607752,-0.004403280513140173,0.47353707561917063,-0.01182207597391094,0.09970026654992496,False
32,1344,JSU2 Updated Production 2022,86,78,86,78,1174.0,2266.0,127.84622592531633,288.8180793176136,97.97860465116278,94.53730769230772,0.008492368947461167,0.05401591184824711,,,0.054767441860465095,0.7691025641025644,0.10256410256410256,0.10256410256410256,-0.4819064430714916,-0.5573468730649521,0.03640146988377872,-0.8427802353625036,,-0.9287904573242828,False
33,1032,QSB3 Research TEST - New Hub,19,1,19,1,433.0,6.0,458.83993307306184,26.08695652173913,94.73684210526316,100.0,0.02631578947368421,0.0,,,0.016842105263157894,0.0,18.0,18.0,71.16666666666667,16.58886410113404,-0.052631578947368356,inf,,inf,False
34,1447,RGZ1 Production - CA Almonds,30,17,30,17,20408.0,16707.0,34472.972972972966,35281.863354037276,99.86933333333332,94.11764705882354,0.012347794225401587,0.1770518086952759,78.0,,0.6066666666666666,0.4752941176470588,0.7647058823529411,0.7647058823529411,0.221523912132639,-0.022926520998833497,0.061111666666666405,-0.9302588642477333,,0.2764026402640262,False
35,823,AUF1 - Revised Workflow 2 API,60,45,60,45,38307.0,35683.0,35946.512355333114,52406.49477806788,99.78083333333336,97.29333333333334,0.0024516627921848323,0.005092208444351904,98.61847457627115,99.87422222222223,1.313666666666667,0.4675555555555555,0.3333333333333333,0.3333333333333333,0.07353641790208222,-0.3140828725988991,0.025567013841304907,-0.5185462616118691,-0.012573290865354731,1.809648288973385,False
36,129,GAR 1 Seeding - Data Cleaning,10,6,5,3,787.0,456.0,157.33706517393043,94.90114464099895,100.0,100.0,0.0,0.0,,,0.0,0.0,0.6666666666666666,0.6666666666666666,0.7258771929824561,0.6579048205279293,0.0,,,,False
37,1481,GUF3 Meal Tracking Production,15,7,15,7,438.0,334.0,32.5989877939863,31.227460932282625,99.75333333333333,99.63428571428572,0.0024691358024691358,0.0036630036630036634,100.0,100.0,0.04866666666666667,1.5885714285714283,1.1428571428571428,1.1428571428571428,0.31137724550898205,0.04392053726935603,0.0011948459126709728,-0.325925925925926,0.0,-0.9693645083932854,False
38,107,HOR1 - Titles Only - Low Prio,5,,5,,70.0,,45.16129032258064,,54.46,,0.2524955436720142,,92.774,,1.16,,,,,,,,,,True
39,245,UDT1-R2 Brand Multi Step- VST,39,39,39,39,47322.0,59856.0,154310.8695652174,248338.72340425532,100.0,100.0,0.0,0.0,,,0.0,0.0,0.0,0.0,-0.20940256615878108,-0.37862743494084794,0.0,,,,False
40,107,HOR1 - Titles Only - High Prio,4,,4,,114.0,,135.71428571428572,,98.9575,,0.010416666666666666,,99.5825,,0.0925,,,,,,,,,,True
41,684,HST2.3.6 Aerial Workflow - API,273,181,273,181,10032.0,4590.0,695.6226664296055,230.60908957166922,93.87208791208798,86.90082872928181,0.06163093603965336,0.13123723004821414,,,4.466666666666664,4.36966850828729,0.5082872928176796,0.5082872928176796,1.1856209150326797,2.0164581444801133,0.08022085962521038,-0.5303852724031795,,0.022198058776177643,False
42,1605,TPT Analysis - Body Annotation,58,,58,,130.0,,1.082931901680124,,91.66672413793103,,0.0,,,,0.0,,,,,,,,,,True
43,959,WPO1- Product-Ads low priority,10,,10,,1450.0,,700.4830917874397,,100.0,,0.0,,99.55666666666667,,1.5349999999999993,,,,,,,,,,True
44,734,EDI Specific Surface-Prod. 2022,71,90,71,90,5836.0,11371.0,965.3922322406281,3055.351545006716,90.43661971830986,85.74033333333331,0.01735221328836929,0.1438266792930267,77.17500000000001,91.185,1.0216901408450703,0.6682222222222223,-0.2111111111111111,-0.2111111111111111,-0.48676457655439276,-0.6840323550269218,0.054773362808361835,-0.8793533065376794,-0.1536436913966112,0.5289676201539129,False
45,107,HOR1 - Titles Only - Medium Prio,6,,6,,134.0,,131.80327868852459,,82.30166666666666,,0.010317460317460319,,99.22,,0.16333333333333333,,,,,,,,,,True
46,293,GPL6_Body_Tracking - 29 keypoints,140,,140,,5992.0,,664.8490996703017,,94.73800000000003,,0.0526988513971857,,98.95819277108437,,0.6782142857142857,,,,,,,,,,True
47,293,GPL6_ARVR_IMCS_37_INSTANCE_SEG_PROD,585,333,580,330,12075.0,6590.0,573.7082807451848,334.02742578462124,92.29189743589743,92.90354354354355,0.07173190092363453,0.06700701091295456,98.42261146496809,98.64396396396403,4.867247863247862,4.7198798798798824,0.7567567567567568,0.7575757575757576,0.8323216995447648,0.7175484300355272,-0.006583668225307759,0.07051336787456215,-0.0022439538122860114,0.031222824969802065,False
48,1362,BPG-P1-DS2 - GoldSample - Production,461,480,443,478,4680.0,4031.0,112.45080394600437,38.72966041288982,84.6966377440348,45.750499999999974,0.12703411941261067,0.38417364576385454,,,4.883470715835139,6.746229166666665,-0.03958333333333333,-0.07322175732217573,0.16100223269660133,1.9034802460746343,0.8512723957997148,-0.6693315098175773,,-0.2761184663034389,False
49,293,GPL6_AUTHPRES_HANDTRACKING_KEYPOINTS,135,80,131,77,9608.0,5649.0,1889.382529023611,1059.2785317488224,99.17614814814814,98.35474999999998,0.008129400475445768,0.016401997311863998,98.89642201834863,97.99949367088614,0.8394074074074077,1.7338749999999996,0.6875,0.7012987012987013,0.7008320056647194,0.7836503548356855,0.008351382603770155,-0.5043652110852648,0.009152377363036852,-0.5158777839190207,False
50,82,GTY3 New Workflow: Production Project,202,226,202,226,129473.0,149275.0,249532.92624749566,280643.45728308766,99.98930693069302,99.99380530973444,0.00010629355141504544,6.172334272504949e-05,,,0.04242574257425741,0.03340707964601773,-0.10619469026548672,-0.10619469026548672,-0.13265449673421537,-0.1108542894132412,-4.4986577193339605e-05,0.7220964828255778,,0.26996262540161126,False
51,245,UDT1-R2 Brand Multi Step- VST - Cleanup,8,,8,,1358.0,,2843.9790575916227,,100.0,,0.0,,,,0.0,,,,,,,,,,True
52,823,AUF1 - Revised Workflow 2 API - Training,6,30,6,30,917.0,5780.0,433.2283464566929,1949.628963346076,100.0,100.0,0.0,0.0,88.535,92.60366666666667,0.0,0.0,-0.8,-0.8,-0.8413494809688581,-0.7777893360215786,0.0,,-0.04393634521311257,,False
53,293,GPL6_AUTHPRES_HANDTRACKING_KEYPOINTS_TEST,24,1,23,1,578.0,1.0,87.5205047318612,0.21321961620469082,100.0,0.0,0.0,0.0,,,2.8504166666666664,4.69,23.0,22.0,577.0,409.471167192429,inf,,,-0.39223525230987927,False
54,684,HST2.3.4 Aerial Workflow_API Review and Fix,165,81,165,81,5723.0,3263.0,315.9392408451412,219.8019060925104,99.86127272727269,100.0,0.001378778175117542,0.0,99.53414285714288,99.80617283950615,0.5789090909090908,0.0,1.037037037037037,1.037037037037037,0.7539074471345387,0.4373817154805222,-0.0013872727272730857,inf,-0.002725582743270836,inf,False
55,293,GPL6_Body_Tracking - 29 keypoints - Training,35,84,35,83,540.0,2418.0,55.69306930693068,172.06028107448728,100.0,95.53571428571426,0.0,0.043126203211526805,100.0,98.40098765432097,0.162,0.8510714285714288,-0.5833333333333334,-0.5783132530120482,-0.7766749379652605,-0.6763165272128064,0.04672897196261707,-1.0,0.016249962361112674,-0.809651699538397,False
56,1750,MJD1-Trial,6,,6,,12.0,,0.26723082062131165,,8.333333333333334,,0.6111111111111112,,,,5.481666666666667,,,,,,,,,,True
57,1606,QUP1- Trial,2,2,2,2,2.0,2.0,0.45197740112994345,0.006299212598425197,0.0,100.0,0.5,0.0,,100.0,3.305,0.0,0.0,0.0,0.0,70.75141242937852,-1.0,inf,,inf,False
58,1165,Segmentation,7,,7,,14.0,,0.2331168676704964,,42.857142857142854,,0.0,,100.0,,45.18714285714286,,,,,,,,,,True
59,1470,QSJ1-Sillbeam,12,5,12,5,148.0,93.0,11.995137106578415,6.315360586717371,54.723333333333336,57.331999999999994,0.18573232323232322,0.042358974358974365,,99.2,2.655833333333333,1.044,1.4,1.4,0.5913978494623656,0.8993590218438037,-0.045501058164143196,3.3847219165015763,,1.54390166028097,False
60,1595,AGO3 Practice 2,5,161,2,119,5.0,163.0,0.016888696733050504,0.4033724475852526,80.0,99.37888198757764,0.0,0.006211180124223602,98.0,,5.692000000000001,0.0,-0.968944099378882,-0.9831932773109243,-0.9693251533742331,-0.9581312585077317,-0.19500000000000003,-1.0,,inf,False
61,1351,TBM4-D Production,21,13,21,13,61.0,35.0,0.3971095631794804,0.16291368439143683,90.47619047619047,89.10307692307693,0.0,0.10897435897435895,,,34.0952380952381,0.0,0.6153846153846154,0.6153846153846154,0.7428571428571429,1.4375457756227228,0.01541039434922046,-1.0,,inf,False
62,1606,QUP1- Trial - 1fps,11,9,8,8,93.0,73.0,10.074847350797715,3.7118644067796613,3.03,14.815555555555555,0.5506854256854257,0.5154320987654322,,50.23714285714286,9.140909090909092,10.783333333333335,0.2222222222222222,0.0,0.273972602739726,1.7142282817217587,-0.795485225738713,0.06839567618010714,,-0.15231136714907967,False
63,959,WPO-TimestampingV2,23,15,23,15,100.0,72.0,0.6384791980701271,0.50852724858507,72.82608695652175,73.444,0.21956521739130433,0.24777777777777782,99.56333333333333,99.22357142857143,48.99521739130435,27.37266666666666,0.5333333333333333,0.5333333333333333,0.3888888888888889,0.2555456956271986,-0.008413390385576133,-0.11386235133554322,0.0034242055579151004,0.7899321972516755,False
64,1330,Review and Fix Demo,2,3,0,0,3.0,33.0,3.278688524590164,41.25,0.0,16.666666666666664,0.25,0.5376344086021505,55.0,50.0,1.105,0.7766666666666666,-0.3333333333333333,nan,-0.9090909090909091,-0.9205166418281172,-1.0,-0.5349999999999999,0.1,0.4227467811158799,False
65,1731,XSL1-Classification,1,7,1,6,5.0,274.0,5.9523809523809526,656.8493150684932,0.0,38.51571428571429,0.0,0.10055462685857683,,100.0,0.84,0.12428571428571429,-0.8571428571428571,-0.8333333333333334,-0.9817518248175182,-0.9909379810318287,-1.0,-1.0,,5.758620689655172,False
66,1155,ZF_CUBOIDS_24MAR2022,92,383,70,250,95.0,398.0,0.2187843102111193,1.1537111999765066,1.0869565217391304,0.0,0.9891304347826086,1.0,,81.86538461538458,277.1115217391303,66.66007832898175,-0.7597911227154047,-0.72,-0.7613065326633166,-0.8103647514078267,inf,-0.010869565217391353,,3.157083650150029,False
67,1536,Cuboid Production: NBO,24,34,24,34,32.0,42.0,0.07698530362582735,0.04881889386916058,16.666666666666664,10.294117647058824,0.05555555555555555,0.2794117647058824,81.5,75.83333333333333,376.02166666666676,708.4,-0.29411764705882354,-0.29411764705882354,-0.23809523809523808,0.5769571476190246,0.6190476190476187,-0.8011695906432749,0.07472527472527479,-0.4691958403914924,False
68,1536,Cuboid Production: Gulu,172,132,172,132,268.0,164.0,0.22775186292239102,0.14918782980706408,67.67720930232564,39.89901515151515,0.16739341085271323,0.3247474747474746,98.20171428571427,96.69492187499999,322.38203488372113,859.0747727272728,0.30303030303030304,0.30303030303030304,0.6341463414634146,0.5266115420871075,0.6962125266832713,-0.4845428406090633,0.015582952873803985,-0.6247334398375279,False
69,293,GPL6_FRLPGH_AVATAREVAL_TR,1,10,1,10,1.0,43.0,0.2061855670103093,2.133995037220844,0.0,0.0,0.0,0.0,,,4.85,20.15,-0.9,-0.9,-0.9767441860465116,-0.9033804842963319,,,,-0.7593052109181141,False
70,107,HOR1 - Titles Only - inventory,1,9,1,9,1.0,353.0,1.1627906976744187,170.53140096618355,0.0,61.30666666666666,0.0,0.24087829877962919,100.0,92.61333333333333,0.86,0.7711111111111111,-0.8888888888888888,-0.8888888888888888,-0.9971671388101983,-0.9931813689966401,-1.0,-1.0,0.07975813417794418,0.11527377521613835,False
71,293,GPL6_FRLPGH_AVATAREVAL_PROD_NEW,245,143,245,143,4238.0,2309.0,213.52057760841987,137.59110248065446,85.9122448979592,78.01818181818177,0.11681962132736329,0.09991015761615801,88.45155172413797,93.67622377622375,10.558448979591837,8.86251748251748,0.7132867132867133,0.7132867132867133,0.8354265915980944,0.5518487297421083,0.10118235129055199,0.1692466923750562,-0.055773726154532174,0.19136001710798448,False
72,293,GPL6_ARVR_PERSON_CLOTH_POLY_PROD,2,104,2,104,5.0,283.0,0.779423226812159,10.700405373470758,0.0,27.163461538461537,0.25,0.14150675713175714,,96.11103896103893,6.415,12.963269230769233,-0.9807692307692307,-0.9807692307692307,-0.9823321554770318,-0.9271594673651744,-1.0,0.7667000860405885,,-0.5051402631696066,False
73,1372,JPU3 Image Simple Taxonomy - PROD,1,,1,,2.0,,2.941176470588235,,0.0,,0.0,,,,0.68,,,,,,,,,,True
74,1447,RGZ1 Production CA Almonds - Low Res,13,4,13,4,6754.0,17.0,10893.548387096775,39.080459770114935,0.0,0.0,0.011495399108746876,0.1111111111111111,,100.0,0.62,0.43500000000000005,2.25,2.25,396.29411764705884,277.7466793168881,,-0.8965414080212781,,0.4252873563218389,False
75,817,New Image Annotation 1.0 Test Project,1,1,0,0,2.0,2.0,0.5449591280653951,0.40567951318458423,0.0,0.0,0.0,1.0,,,3.67,0.0,0.0,nan,0.0,0.3433242506811989,,-1.0,,inf,False
76,1413,PSZ1 - Production - Annotation Workflow,37,23,37,23,392.0,278.0,6.562628671230582,5.382607963633301,87.61702702702702,95.30695652173914,0.07913449163449161,0.04183014209362187,92.53555555555555,97.3121739130435,2.5418918918918916,1.345217391304348,0.6086956521739131,0.6086956521739131,0.41007194244604317,0.21922843267982647,-0.08068592026604139,0.8918054702605899,-0.04908551690311895,0.8895770366358599,False
77,1448,UGU1-R2-C4 Phone Re-labeling - SkipFrames,75,67,75,67,1783.0,1985.0,25.665065378983147,24.96199252988983,54.88879999999999,62.718507462686574,0.12400145588835854,0.4276604792118894,100.0,100.0,3.0758666666666667,2.4305970149253735,0.11940298507462686,0.11940298507462686,-0.1017632241813602,0.028165734295907994,-0.12483886781497074,-0.710046960343697,0.0,0.26547784259543533,False
78,1483,BD100K,1,1,0,0,2.0,4.0,8.333333333333334,3.9603960396039604,100.0,100.0,0.0,0.0,,,0.0,0.0,0.0,nan,-0.5,1.1041666666666667,0.0,,,,False
79,1165,KeyPoints,7,3,7,3,19.0,9.0,1.19400305233863,0.7590666291818949,100.0,100.0,0.0,0.0,,,0.0,0.0,1.3333333333333333,1.3333333333333333,1.1111111111111112,0.5729884656179653,0.0,,,,False
80,1475,camila-test-1,1,,0,,2.0,,8.0,,100.0,,0.0,,,,0.0,,,,,,,,,,True
81,1784,Cars annotation,1,,0,,2.0,,5.0,,100.0,,0.0,,,,0.0,,,,,,,,,,True
82,1351,TBM4-C Training,1,,1,,2.0,,0.006204051245463287,,100.0,,0.0,,,,0.0,,,,,,,,,,True
83,1771,Segmentation test,1,,0,,2.0,,0.20449897750511248,,100.0,,0.0,,,,0.0,,,,,,,,,,True
84,1351,TBM4-C Production,26,18,26,18,83.0,37.0,0.5205129874985227,0.18478031673454895,100.0,100.0,0.0,0.0,,,0.0,0.0,0.4444444444444444,0.4444444444444444,1.2432432432432432,1.816928754626389,0.0,,,,False
85,1351,TBM4-B2 Production,18,13,18,13,119.0,90.0,2.176829268292683,1.607120781307949,100.0,100.0,0.0,0.0,,,0.0,0.0,0.38461538461538464,0.38461538461538464,0.32222222222222224,0.3544901500938086,0.0,,,,False
86,675,GSE10-R2 Production,15,,15,,177.0,,5.039958996943755,,100.0,,0.0,,100.0,,0.0,,,,,,,,,,True
87,1772,Cuboid Training: TCS,52,,52,,53.0,,0.028172086471132354,,100.0,,0.0,,,,0.0,,,,,,,,,,True
88,1362,BPG-P1-DS2 - Training,296,60,274,52,1555.0,216.0,9.932710140004858,0.4419889502762431,100.0,100.0,0.0,0.0,,,0.0,0.11066666666666665,3.933333333333333,4.269230769230769,6.199074074074074,21.47275669176099,0.0,,,-1.0,False
89,450,DBE1 Freespace New Attr,4,,4,,10.0,,0.09277728811986825,,100.0,,0.0,,,,0.0,,,,,,,,,,True
90,1435,Brightskies CFT1 AMPS TPF,1,,0,,2.0,,0.34071550255536626,,100.0,,0.0,,,,0.0,,,,,,,,,,True
91,1392,FHT1 - Keypoints - One Step,1,13,1,13,112.0,1910.0,54.90196078431372,1339.2664509169363,100.0,98.1423076923077,0.0,0.01857173239737494,,,1.96,0.0,-0.9230769230769231,-0.9230769230769231,-0.9413612565445026,-0.9590059463173106,0.018928557432299993,-1.0,,inf,False
92,1360,OMJ1 - Polygon - Production,112,89,112,89,291.0,224.0,1.4297640266422527,0.9995282122553509,95.95250000000003,89.98146067415728,0.044494047619047614,0.0842696629213483,99.36977011494254,99.44488636363637,0.5384821428571428,11.3161797752809,0.25842696629213485,0.25842696629213485,0.29910714285714285,0.43043889018010906,0.06635855076264215,-0.47200396825396823,-0.0007553555687032162,-0.9524148472761624,False
93,1366,DHO1-Production - Fixed World,16,,16,,44.0,,0.21238660395630388,,100.0,,0.0,,98.52428571428571,,0.0,,,,,,,,,,True
94,1472,WRT - Raster Body Annotations,2,,0,,4.0,,0.4393190554640307,,100.0,,0.0,,,,0.0,,,,,,,,,,True
95,1536,Cuboid Production: NBO - Final,90,5,66,5,95.0,5.0,0.1135473849838032,0.0031930437625805924,100.0,100.0,0.0,0.0,93.7038888888889,,0.0,0.0,17.0,12.2,18.0,34.560860867135474,0.0,,,,False
96,212,LiDAR Onboarding - ZF Practice,214,134,78,51,229.0,150.0,0.34979243074761535,0.18272934919714995,100.0,100.0,0.0,0.0,,,0.0,0.0,0.5970149253731343,0.5294117647058824,0.5266666666666666,0.9142651811790675,0.0,,,,False
97,675,GSE10-R2 Attributes -Production,24,16,24,15,212.0,211.0,4.153028658183213,5.006599338583144,93.57041666666669,86.49375,0.05671596921596922,0.06327967885872299,99.9225,99.92999999999998,1.3329166666666667,1.1731249999999998,0.5,0.6,0.004739336492890996,-0.170489113003696,0.08181708697641947,-0.10372539433090015,-7.505253677553256e-05,0.13621026460664212,False
98,1386,OMJ1 - Polygon - Production - AMPS,4,6,0,0,11.0,55.0,0.13319610098686202,2.7420024927295388,100.0,100.0,0.0,0.0,,,0.0,0.0,-0.3333333333333333,nan,-0.8,-0.9514237855946399,0.0,,,,False
99,684,HST2.3.1 Aerial Workflow - Training,22,23,22,23,214.0,367.0,5.85870904316878,11.305465893414409,83.15363636363635,63.69869565217391,0.1879330156009998,0.34382452755492904,,98.69333333333333,4.906818181818182,18.613478260869567,-0.043478260869565216,-0.043478260869565216,-0.41689373297002724,-0.4817808396041813,0.30542133574753166,-0.45340427881202916,,-0.7363835972487955,False
100,212,LiDAR Onboarding - ZF Certification,95,,34,,96.0,,0.17151007095100834,,100.0,,0.0,,,,0.0,,,,,,,,,,True
101,820,DBE - MCOD2 V5.1 FSC - Review and Fix,17,53,17,53,59.0,141.0,0.3306400835995266,0.6720124312857622,100.0,100.0,0.0,0.0,,,0.0,0.0,-0.6792452830188679,-0.6792452830188679,-0.5815602836879432,-0.5079851678235884,0.0,,,,False
102,1248,TPT_TOF5 - Delivery - Auto-QA testing,1,,0,,2.0,,0.3853564547206165,,100.0,,0.0,,,,0.0,,,,,,,,,,True
103,1605,TPT Analysis - Body Annotation - test2,4,,4,,12.0,,0.6449879064767535,,100.0,,0.0,,,,0.0,,,,,,,,,,True
104,1587,AR Product Visualization - Shoe Company,1,,0,,2.0,,0.2881844380403458,,100.0,,0.0,,,,0.0,,,,,,,,,,True
105,820,DBE - MCOD2 V5.0 FC1_FC2 - Review and Fix,99,30,99,30,151.0,50.0,0.2803840336588383,0.10096577125733348,100.0,100.0,0.0,0.0,,,0.0,0.0,2.3,2.3,2.02,1.7770206691554695,0.0,,,,False
106,1773,Instance annotation of clothing for fashion industry,2,,0,,3.0,,3.141361256544503,,100.0,,0.0,,,,0.0,,,,,,,,,,True
107,1775,UT_ZI,1,,1,,3.0,,10.344827586206897,,100.0,,0.0,,,,0.0,,,,,,,,,,True
108,1775,UT_ZO,1,,1,,3.0,,4.545454545454545,,100.0,,0.0,,,,0.0,,,,,,,,,,True
109,1775,W_ST_P,1,,1,,3.0,,9.67741935483871,,100.0,,0.0,,,,0.0,,,,,,,,,,True
110,1775,DF_ST_P,1,,1,,3.0,,4.761904761904762,,100.0,,0.0,,,,0.0,,,,,,,,,,True
111,1775,DF_ST_S,1,,1,,3.0,,11.11111111111111,,100.0,,0.0,,,,0.0,,,,,,,,,,True
112,1775,MT_ZI_P,1,,1,,3.0,,10.0,,100.0,,0.0,,,,0.0,,,,,,,,,,True
113,1775,MT_ZO_P,1,,1,,3.0,,8.571428571428571,,100.0,,0.0,,,,0.0,,,,,,,,,,True
114,1775,PC_MT_P,1,,1,,3.0,,8.823529411764705,,100.0,,0.0,,,,0.0,,,,,,,,,,True
115,1775,W_MT_CN,1,,1,,3.0,,5.2631578947368425,,100.0,,0.0,,,,0.0,,,,,,,,,,True
116,1775,W_MT_CT,1,,1,,3.0,,10.714285714285714,,100.0,,0.0,,,,0.0,,,,,,,,,,True
117,1775,W_MT_SB,1,,1,,3.0,,9.67741935483871,,100.0,,0.0,,,,0.0,,,,,,,,,,True
118,1775,W_MT_SY,1,,1,,3.0,,5.2631578947368425,,100.0,,0.0,,,,0.0,,,,,,,,,,True
119,1775,W_ST_CN,1,,1,,3.0,,3.2967032967032965,,100.0,,0.0,,,,0.0,,,,,,,,,,True
120,1775,W_ST_CT,1,,1,,3.0,,8.108108108108109,,100.0,,0.0,,,,0.0,,,,,,,,,,True
121,1775,W_ST_SB,1,,1,,3.0,,6.976744186046512,,100.0,,0.0,,,,0.0,,,,,,,,,,True
122,1775,W_ST_SY,1,,1,,3.0,,10.0,,100.0,,0.0,,,,0.0,,,,,,,,,,True
123,1775,MT_ZI_CN,1,,1,,3.0,,5.084745762711865,,100.0,,0.0,,,,0.0,,,,,,,,,,True
124,1775,MT_ZO_CN,1,,1,,3.0,,10.714285714285714,,100.0,,0.0,,,,0.0,,,,,,,,,,True
125,1775,ND_MT_CN,1,,1,,3.0,,7.142857142857143,,100.0,,0.0,,,,0.0,,,,,,,,,,True
126,1775,EM_MT_ALL,1,,1,,3.0,,2.479338842975207,,100.0,,0.0,,,,0.0,,,,,,,,,,True
127,1775,EM_ST_ALL,1,,1,,3.0,,2.830188679245283,,100.0,,0.0,,,,0.0,,,,,,,,,,True
128,1775,UT_ROW_ZO,1,,1,,6.0,,13.333333333333332,,0.0,,0.5,,,,0.26,,,,,,,,,,True
129,1165,Cuboid - Delivery,7,3,7,3,51.0,12.0,15.542011319111886,5.091937765205093,100.0,100.0,0.0,0.0,,,0.0,0.0,1.3333333333333333,1.3333333333333333,3.25,2.0522783340589172,0.0,,,,False
130,1402,TestPlatform BDD100K,2,,0,,10.0,,64.51612903225806,,100.0,,0.0,,,,0.0,,,,,,,,,,True
131,293,GPL6_FRLPGH_AVATAREVAL_TR_NEW,68,107,68,107,1076.0,1872.0,59.83301577436686,103.79359839985904,100.0,96.26168224299067,0.0,0.0,100.0,,2.935294117647059,4.403084112149533,-0.3644859813084112,-0.3644859813084112,-0.4252136752136752,-0.42353847735518807,0.038834951456310475,,,-0.33335497508493345,False
132,1605,TPT Analysis - Body Annotation - test,5,,5,,21.0,,0.7597684515195371,,100.0,,0.0,,,,0.0,,,,,,,,,,True
133,1472,WRT - Raster Annotations,3,,0,,14.0,,2.08851317752362,,100.0,,0.0,,,,0.0,,,,,,,,,,True
134,1606,TPT_QUP1- 1fps,3,,3,,15.0,,0.3826856025172209,,100.0,,0.0,,93.05333333333333,,0.0,,,,,,,,,,True
135,1165,Lines and Arrows,8,8,8,8,71.0,31.0,21.13881652400447,6.629243517775995,100.0,100.0,0.0,0.0,,,0.0,0.0,0.0,0.0,1.2903225806451613,2.188722282915352,0.0,,,,False
136,1746,UnderPressure Inc.,1,,0,,5.0,,1.3440860215053763,,100.0,,0.0,,,,0.0,,,,,,,,,,True
137,1588,calory-detector-app,1,,0,,5.0,,0.37907505686125853,,100.0,,0.0,,,,0.0,,,,,,,,,,True
138,823,AUF1 - Video Production,2,1,2,1,17.0,1.0,0.40963855421686746,0.012385434728758981,90.0,0.0,0.07142857142857142,1.0,,,0.935,0.0,1.0,1.0,16.0,32.07421686746987,inf,-0.9285714285714286,,inf,False
139,1775,CPB_SV_P,2,,2,,12.0,,25.26315789473684,,100.0,,0.0,,,,0.0,,,,,,,,,,True
140,1775,Flagging,1,,1,,6.0,,66.66666666666667,,100.0,,0.0,,,,0.0,,,,,,,,,,True
141,1775,MS potato,1,,1,,6.0,,15.789473684210526,,100.0,,0.0,,,,0.0,,,,,,,,,,True
142,1775,Em points and lines,1,,1,,6.0,,15.0,,100.0,,0.0,,,,0.0,,,,,,,,,,True
143,1728,TPT_WRT19_Trial - clone,1,,0,,6.0,,1.4423076923076923,,100.0,,0.0,,,,0.0,,,,,,,,,,True
144,1775,Production Priority 1,1,,1,,8.0,,16.3265306122449,,100.0,,0.0,,,,0.0,,,,,,,,,,True
145,1362,BPG-P1-DS3- Vector - Production,6,22,6,22,86.0,294.0,6.345302508607968,9.920549710113805,100.0,100.0,0.0,0.0,,,0.0,0.0,-0.7272727272727273,-0.7272727272727273,-0.7074829931972789,-0.36038801336391096,0.0,,,,False
146,1301,MUJ1-TPT,6,,6,,92.0,,27.476356396217025,,100.0,,0.0,,,,0.0,,,,,,,,,,True
147,1775,DF_SV_P,1,,1,,12.0,,70.58823529411764,,100.0,,0.0,,,,0.0,,,,,,,,,,True
148,1775,W_SV_CN,1,,1,,12.0,,17.91044776119403,,100.0,,0.0,,,,0.0,,,,,,,,,,True
149,1775,W_SV_CT,1,,1,,12.0,,70.58823529411764,,100.0,,0.0,,,,0.0,,,,,,,,,,True
150,1775,W_SV_SY,1,,1,,12.0,,85.71428571428571,,100.0,,0.0,,,,0.0,,,,,,,,,,True
151,1775,DF_SV_SY,1,,1,,12.0,,109.0909090909091,,100.0,,0.0,,,,0.0,,,,,,,,,,True
152,1775,INT_SV_P,1,,1,,12.0,,92.3076923076923,,100.0,,0.0,,,,0.0,,,,,,,,,,True
153,1775,INT_SV_CN,1,,1,,12.0,,35.29411764705882,,100.0,,0.0,,,,0.0,,,,,,,,,,True
154,1775,W_SV_P,1,,1,,18.0,,180.0,,100.0,,0.0,,,,0.0,,,,,,,,,,True
155,1775,ND_SV_CN,1,,1,,18.0,,45.0,,100.0,,0.0,,,,0.0,,,,,,,,,,True
156,212,3D LiDAR,2,,0,,2.0,,0.008676413170795193,,100.0,,0.0,,,,0.0,,,,,,,,,,True
157,1763,St. Anna,1,,0,,1.0,,0.2232142857142857,,100.0,,0.0,,,,0.0,,,,,,,,,,True
158,1579,TMF1-trial,3,,3,,3.0,,0.005629503602882306,,100.0,,0.0,,,,0.0,,,,,,,,,,True
159,1402,Test BDD100K,1,,0,,1.0,,0.7352941176470588,,100.0,,0.0,,,,0.0,,,,,,,,,,True
160,1766,Test project,1,,0,,1.0,,0.5154639175257733,,100.0,,0.0,,,,0.0,,,,,,,,,,True
161,1606,TPT_QUP1_10fps,2,,2,,2.0,,0.00674161090792645,,100.0,,0.0,,45.0,,0.0,,,,,,,,,,True
162,1595,AGO3 Practice 3,36,,27,,36.0,,0.1925019309607272,,100.0,,0.0,,,,0.0,,,,,,,,,,True
163,1595,AGO3 Practice 4,90,,71,,90.0,,0.24824900171720887,,100.0,,0.0,,,,0.0,,,,,,,,,,True
164,1439,HST Image Annotation,1,3,0,0,1.0,5.0,0.06675567423230974,1.1061946902654871,100.0,100.0,0.0,0.0,,,0.0,0.0,-0.6666666666666666,nan,-0.8,-0.939652870493992,0.0,,,,False
165,1586,Tutorial walkthrough,1,,0,,1.0,,0.01694915254237288,,100.0,,0.0,,,,0.0,,,,,,,,,,True
166,1778,Tutorial walkthrough,1,,0,,1.0,,0.6493506493506493,,100.0,,0.0,,,,0.0,,,,,,,,,,True
167,212,LiDAR Onboarding - ZF,1,5,1,0,1.0,5.0,0.0017755681818181818,0.005152185247851024,100.0,100.0,0.0,0.0,,,0.0,0.0,-0.8,inf,-0.8,-0.6553757102272727,0.0,,,,False
168,1772,TCS ZF Assessment tasks,54,,54,,54.0,,0.42968796048521124,,100.0,,0.0,,,,0.0,,,,,,,,,,True
169,1766,Pipe diameter estimation,1,,0,,2.0,,16.666666666666668,,0.0,,0.5,,,,0.11,,,,,,,,,,True
170,1613,TPT_trial-seed-2022-04-20,1,1,1,1,1.0,1.0,0.0005386712058693614,0.0014134075843450977,100.0,100.0,0.0,0.0,,,0.0,0.0,0.0,0.0,0.0,-0.6188847351353681,0.0,,,,False
171,1766,Evaluation of vehicle images,1,,0,,1.0,,0.4098360655737705,,100.0,,0.0,,,,0.0,,,,,,,,,,True
172,1439,Let's Annotate Video BB (BPG1),1,,0,,1.0,,0.007729767334003246,,100.0,,0.0,,,,0.0,,,,,,,,,,True
173,1773,Annotating athletes and their track,1,,0,,1.0,,1.1235955056179776,,100.0,,0.0,,,,0.0,,,,,,,,,,True
174,1703,"Annotating roads, vehicles, and lanes",1,,0,,1.0,,0.3546099290780142,,100.0,,0.0,,,,0.0,,,,,,,,,,True
175,1395,Full scene panoptic segmentation (blank),1,,0,,1.0,,0.29673590504451036,,100.0,,0.0,,,,0.0,,,,,,,,,,True
176,1728,PVQ1_Traffic Light and Stop Sign Workflow 2022,1,,0,,1.0,,0.641025641025641,,100.0,,0.0,,,,0.0,,,,,,,,,,True
177,1765,Instance annotation of clothing for fashion industry,1,,0,,1.0,,10.0,,100.0,,0.0,,,,0.0,,,,,,,,,,True
